,Date,Week,SameDiv,SameConf,GameID,Team_V,Team_H,Final_V,Final_H,ML_V,ML_H,Injuries_V,Injuries_H,Division_V,Division_H,Conference_V,Conference_H,Szn_Win_per_V,Szn_Win_per_H,UD_tot_V,UD_tot_H,FV_tot_V,FV_tot_H,UD_win_per_V,UD_win_per_H,FV_win_per_V,FV_win_per_H,prev_win_rec_V,prev_win_rec_H,prev_loss_rec_V,prev_loss_rec_H,HC_win_per_V,HC_win_per_H,HC_g_V,HC_g_H,Prev_szn_win_per_V,Prev_szn_win_per_H,Off_Bye_Wk_V,Off_Bye_Wk_H,Winner
1,9/6/2018,1,N,Y,1,Atlanta,Philadelphia,12,18,-119,-101,8,6,NFCSouth,NFCEast,NFC,NFC,0.5,0.5,0,0,0,0,0.5,0.5,0.5,0.5,0,0,0,0,0.522,0.539,69,89,0.625,0.813,N,N,H
2,9/9/2018,1,Y,Y,2,Pittsburgh,Cleveland,21,21,-185,155,1,9,AFCNorth,AFCNorth,AFC,AFC,0.5,0.5,0,0,0,0,0.5,0.5,0.5,0.5,0,0,0,0,0.635,0.188,249,48,0.813,0,N,N,Tie
3,9/9/2018,1,N,Y,3,SanFrancisco,Minnesota,16,24,230,-280,5,8,NFCWest,NFCNorth,NFC,NFC,0.5,0.5,0,0,0,0,0.5,0.5,0.5,0.5,0,0,0,0,0.589,0.566,265,113,0.375,0.813,N,N,H
4,9/9/2018,1,N,Y,4,Cincinnati,Indianapolis,34,23,-115,-105,7,7,AFCNorth,AFCSouth,AFC,AFC,0.5,0.5,0,0,0,0,0.5,0.5,0.5,0.5,0,0,0,0,0.521,0.477,240,65,0.438,0.25,N,N,V
5,9/9/2018,1,N,Y,5,Buffalo,Baltimore,3,47,290,-380,3,4,AFCEast,AFCNorth,AFC,AFC,0.5,0.5,0,0,0,0,0.5,0.5,0.5,0.5,0,0,0,0,0.685,0.611,89,234,0.563,0.563,N,N,H
6,9/9/2018,1,N,N,6,Jacksonville,NYGiants,20,15,-145,125,5,3,AFCSouth,NFCEast,AFC,NFC,0.5,0.5,0,0,0,0,0.5,0.5,0.5,0.5,0,0,0,0,0.402,0.286,82,49,0.625,0.188,N,N,V
7,9/9/2018,1,Y,Y,7,TampaBay,NewOrleans,48,40,400,-550,7,2,NFCSouth,NFCSouth,NFC,NFC,0.5,0.5,0,0,0,0,0.5,0.5,0.5,0.5,0,0,0,0,0.438,0.654,32,442,0.313,0.688,N,N,V
8,9/9/2018,1,N,Y,8,Houston,NewEngland,20,27,225,-275,8,6,AFCSouth,AFCEast,AFC,AFC,0.5,0.5,0,0,0,0,0.5,0.5,0.5,0.5,0,0,0,0,0.488,0.609,84,233,0.25,0.813,N,N,H
9,9/9/2018,1,N,Y,9,Tennessee,Miami,20,27,-110,-110,5,7,AFCSouth,AFCEast,AFC,AFC,0.5,0.5,0,0,0,0,0.5,0.5,0.5,0.5,0,0,0,0,0.575,0.391,73,64,0.563,0.375,N,N,H
10,9/9/2018,1,Y,Y,10,KansasCity,LAChargers,38,28,160,-190,5,3,AFCWest,AFCWest,AFC,AFC,0.5,0.5,0,0,0,0,0.5,0.5,0.5,0.5,0,0,0,0,0.638,0.429,378,49,0.625,0.563,N,N,V
11,9/9/2018,1,N,N,11,Seattle,Denver,24,27,160,-190,11,8,NFCWest,AFCWest,NFC,AFC,0.5,0.5,0,0,0,0,0.5,0.5,0.5,0.5,0,0,0,0,0.589,0.313,90,16,0.563,0.313,N,N,H
12,9/9/2018,1,N,Y,12,Dallas,Carolina,8,16,145,-170,6,6,NFCEast,NFCSouth,NFC,NFC,0.5,0.5,0,0,0,0,0.5,0.5,0.5,0.5,0,0,0,0,0.551,0.516,136,182,0.563,0.688,N,N,H
13,9/9/2018,1,N,Y,13,Washington,Arizona,24,6,115,-135,6,7,NFCEast,NFCWest,NFC,NFC,0.5,0.5,0,0,0,0,0.5,0.5,0.5,0.5,0,0,0,0,0.406,0.5,69,12,0.438,0.5,N,N,V
14,9/9/2018,1,Y,Y,14,Chicago,GreenBay,23,24,250,-310,3,4,NFCNorth,NFCNorth,NFC,NFC,0.5,0.5,0,0,0,0,0.5,0.5,0.5,0.5,0,0,0,0,0.449,0.627,49,249,0.313,0.438,N,N,H
15,9/10/2018,1,N,N,15,NYJets,Detroit,48,17,280,-360,13,2,AFCEast,NFCNorth,AFC,NFC,0.5,0.5,0,0,0,0,0.5,0.5,0.5,0.5,0,0,0,0,0.44,0.259,75,27,0.313,0.563,N,N,V
16,9/10/2018,1,N,N,16,LARams,Oakland,33,13,-300,240,2,6,NFCWest,AFCWest,NFC,AFC,0.5,0.5,0,0,0,0,0.5,0.5,0.5,0.5,0,0,0,0,0.556,0.531,90,213,0.688,0.375,N,N,V
17,9/13/2018,2,Y,Y,17,Baltimore,Cincinnati,23,34,-120,100,5,9,AFCNorth,AFCNorth,AFC,AFC,1,1,0,0,1,1,0.5,0.5,1,1,1,1,0,0,0.612766,0.522822,235,241,0.563,0.438,N,N,H
18,9/16/2018,2,N,N,18,Indianapolis,Washington,21,9,210,-260,8,7,AFCSouth,NFCEast,AFC,NFC,0,1,1,1,0,0,0,1,0.5,0.5,0,1,1,0,0.469697,0.414286,66,70,0.25,0.438,N,N,V
19,9/16/2018,2,Y,Y,19,Carolina,Atlanta,24,31,190,-240,9,11,NFCSouth,NFCSouth,NFC,NFC,1,0,0,0,1,1,0.5,0.5,1,0,1,0,0,1,0.519126,0.514286,183,70,0.688,0.625,N,N,H
20,9/16/2018,2,Y,Y,20,Minnesota,GreenBay,29,29,-125,105,5,4,NFCNorth,NFCNorth,NFC,NFC,1,1,0,0,1,1,0.5,0.5,1,1,1,1,0,0,0.570175,0.628,114,250,0.813,0.438,N,N,Tie
21,9/16/2018,2,N,Y,21,LAChargers,Buffalo,31,20,-360,280,5,7,AFCWest,AFCEast,AFC,AFC,0,0,0,1,1,0,0.5,0,0,0.5,0,0,1,1,0.42,0.677778,50,90,0.563,0.563,N,N,V
22,9/16/2018,2,Y,Y,22,Houston,Tennessee,17,20,-200,170,9,12,AFCSouth,AFCSouth,AFC,AFC,0,0,1,0,0,0,0,0.5,0.5,0.5,0,0,1,1,0.482353,0.567568,85,74,0.25,0.563,N,N,H
23,9/16/2018,2,N,Y,23,KansasCity,Pittsburgh,42,37,180,-220,7,7,AFCWest,AFCNorth,AFC,AFC,1,0,1,0,0,1,1,0.5,0.5,0,1,0,0,1,0.638522,0.632,379,250,0.625,0.813,N,N,V
24,9/16/2018,2,Y,Y,24,Miami,NYJets,20,12,145,-170,8,13,AFCEast,AFCEast,AFC,AFC,1,1,0,1,0,0,0.5,1,0.5,0.5,1,1,0,0,0.4,0.447368,65,76,0.375,0.313,N,N,V
25,9/16/2018,2,N,Y,25,Philadelphia,TampaBay,21,27,-160,140,4,6,NFCEast,NFCSouth,NFC,NFC,1,1,1,1,0,0,1,1,0.5,0.5,1,1,0,0,0.544444,0.454545,90,33,0.813,0.313,N,N,H
26,9/16/2018,2,N,N,26,Cleveland,NewOrleans,18,21,400,-550,9,5,AFCNorth,NFCSouth,AFC,NFC,0,0,1,0,0,1,0,0.5,0.5,0,0,0,0,1,0.183673,0.65237,49,443,0,0.688,N,N,H
27,9/16/2018,2,Y,Y,27,Arizona,LARams,0,34,650,-1000,12,3,NFCWest,NFCWest,NFC,NFC,0,1,0,0,1,1,0.5,0.5,0,1,0,1,1,0,0.461538,0.56044,13,91,0.5,0.688,N,N,H
28,9/16/2018,2,N,Y,28,Detroit,SanFrancisco,27,30,225,-275,5,10,NFCNorth,NFCWest,NFC,NFC,0,0,0,1,1,0,0.5,0,0,0.5,0,0,1,1,0.25,0.586466,28,266,0.563,0.375,N,N,H
29,9/16/2018,2,N,Y,29,NewEngland,Jacksonville,20,31,-125,105,6,9,AFCEast,AFCSouth,AFC,AFC,1,1,0,0,1,1,0.5,0.5,1,1,1,1,0,0,0.611111,0.409639,234,83,0.813,0.625,N,N,H
30,9/16/2018,2,Y,Y,30,Oakland,Denver,19,20,210,-260,11,10,AFCWest,AFCWest,AFC,AFC,0,1,1,0,0,1,0,0.5,0.5,1,0,1,1,0,0.528037,0.352941,214,17,0.375,0.313,N,N,H
31,9/16/2018,2,Y,Y,31,NYGiants,Dallas,13,20,120,-140,5,7,NFCEast,NFCEast,NFC,NFC,0,0,1,1,0,0,0,0,0.5,0.5,0,0,1,1,0.28,0.547445,50,137,0.188,0.563,N,N,H
32,9/17/2018,2,N,Y,32,Seattle,Chicago,17,24,190,-240,11,4,NFCWest,NFCNorth,NFC,NFC,0,0,1,1,0,0,0,0,0.5,0.5,0,0,1,1,0.582418,0.44,91,50,0.563,0.313,N,N,H
33,9/20/2018,3,N,Y,33,NYJets,Cleveland,17,21,170,-200,12,9,AFCEast,AFCNorth,AFC,AFC,0.5,0,1,2,1,0,1,0,0,0.5,1,0,1,1,0.441558,0.18,77,50,0.313,0,N,N,H
34,9/23/2018,3,N,N,34,Indianapolis,Philadelphia,16,20,247,-302,11,9,AFCSouth,NFCEast,AFC,NFC,0.5,0.5,2,1,0,1,0.5,1,0.5,0,1,1,1,1,0.477612,0.538462,67,91,0.25,0.813,N,N,H
35,9/23/2018,3,N,N,35,Cincinnati,Carolina,21,31,130,-150,10,6,AFCNorth,NFCSouth,AFC,NFC,1,0.5,1,1,1,1,1,0,1,1,2,1,0,1,0.524793,0.516304,242,184,0.438,0.688,N,N,H
36,9/23/2018,3,Y,Y,36,Tennessee,Jacksonville,9,6,390,-510,9,10,AFCSouth,AFCSouth,AFC,AFC,0.5,1,1,1,0,1,1,1,0.5,1,1,2,1,0,0.573333,0.416667,75,84,0.563,0.625,N,N,V
37,9/23/2018,3,Y,Y,37,NewOrleans,Atlanta,43,37,111,-131,6,9,NFCSouth,NFCSouth,NFC,NFC,0.5,0.5,0,0,2,2,0.5,0.5,0.5,0.5,1,1,1,1,0.653153,0.521127,444,71,0.688,0.625,N,N,V
38,9/23/2018,3,N,Y,38,Denver,Baltimore,14,27,199,-240,8,9,AFCWest,AFCNorth,AFC,AFC,1,0.5,0,0,2,2,0.5,0.5,1,0.5,2,1,0,1,0.388889,0.610169,18,236,0.313,0.563,N,N,H
39,9/23/2018,3,N,N,39,NYGiants,Houston,27,22,230,-280,5,15,NFCEast,AFCSouth,NFC,AFC,0,0,2,1,0,1,0,0,0.5,0,0,0,2,2,0.27451,0.476744,51,86,0.188,0.25,N,N,V
40,9/23/2018,3,N,Y,40,Oakland,Miami,20,28,127,-147,8,10,AFCWest,AFCEast,AFC,AFC,0,1,2,1,0,0,0,1,0.5,0.5,0,2,2,0,0.525581,0.409091,215,66,0.375,0.375,N,N,H
41,9/23/2018,3,N,Y,41,GreenBay,Washington,17,31,-142,122,5,11,NFCNorth,NFCEast,NFC,NFC,1,0.5,1,1,1,1,0,1,1,0,1,1,0,1,0.625498,0.408451,251,71,0.438,0.438,N,N,H
42,9/23/2018,3,N,N,42,Buffalo,Minnesota,27,6,948,-1703,9,10,AFCEast,NFCNorth,AFC,NFC,0,0.5,2,0,0,2,0,0.5,0.5,0.5,0,1,2,1,0.67033,0.565217,91,115,0.563,0.813,N,N,V
43,9/23/2018,3,N,N,43,SanFrancisco,KansasCity,27,38,230,-280,8,9,NFCWest,AFCWest,NFC,AFC,0.5,1,1,2,1,0,0,1,1,0.5,1,2,1,0,0.588015,0.639474,267,380,0.375,0.625,N,N,H
44,9/23/2018,3,N,N,44,LAChargers,LARams,23,35,263,-325,6,5,AFCWest,NFCWest,AFC,NFC,0.5,1,0,0,2,2,0.5,0.5,0.5,1,1,2,1,0,0.431373,0.565217,51,92,0.563,0.688,N,N,H
45,9/23/2018,3,N,Y,45,Chicago,Arizona,16,14,-265,219,3,13,NFCNorth,NFCWest,NFC,NFC,0.5,0,1,1,1,1,0,0,1,0,1,0,1,2,0.45098,0.428571,51,14,0.313,0.5,N,N,V
46,9/23/2018,3,N,Y,46,Dallas,Seattle,13,24,111,-130,9,14,NFCEast,NFCWest,NFC,NFC,0.5,0,1,2,1,0,0,0,1,0.5,1,0,1,2,0.550725,0.576087,138,92,0.563,0.563,N,N,H
47,9/23/2018,3,N,N,47,NewEngland,Detroit,10,26,-313,254,11,9,AFCEast,NFCNorth,AFC,NFC,0.5,0,0,1,2,1,0.5,0,0.5,0,1,0,1,2,0.608511,0.241379,235,29,0.813,0.563,N,N,H
48,9/24/2018,3,N,N,48,Pittsburgh,TampaBay,30,27,100,-120,8,11,AFCNorth,NFCSouth,AFC,NFC,0,1,0,2,2,0,0.5,1,0,0.5,0,2,2,0,0.629482,0.470588,251,34,0.813,0.313,N,N,V
49,9/27/2018,4,N,Y,49,Minnesota,LARams,31,38,260,-330,11,6,NFCNorth,NFCWest,NFC,NFC,0.333,1,0,0,3,3,0.5,0.5,0.333333,1,1,3,2,0,0.560345,0.569892,116,93,0.813,0.688,N,N,H
50,9/30/2018,4,Y,Y,50,Miami,NewEngland,7,38,250,-310,13,12,AFCEast,AFCEast,AFC,AFC,1,0.333,1,0,1,3,1,0.5,1,0.333333,3,1,0,2,0.41791,0.605932,67,236,0.375,0.813,N,N,H
51,9/30/2018,4,Y,Y,51,Houston,Indianapolis,37,34,-120,100,9,14,AFCSouth,AFCSouth,AFC,AFC,0,0.333,1,3,2,0,0,0.333333,0,0.5,0,1,3,2,0.471264,0.470588,87,68,0.25,0.25,N,N,V
52,9/30/2018,4,N,N,52,Cincinnati,Atlanta,37,36,160,-190,11,9,AFCNorth,NFCSouth,AFC,NFC,0.667,0.333,2,0,1,3,0.5,0.5,1,0.333333,2,1,1,2,0.522634,0.513889,243,72,0.438,0.625,N,N,V
53,9/30/2018,4,N,N,53,Buffalo,GreenBay,0,22,290,-380,10,9,AFCEast,NFCNorth,AFC,NFC,0.333,0.5,3,1,0,2,0.333333,0,0.5,0.5,1,1,2,1,0.673913,0.623016,92,252,0.563,0.438,N,N,H
54,9/30/2018,4,N,Y,54,Detroit,Dallas,24,26,120,-140,7,9,NFCNorth,NFCEast,NFC,NFC,0.333,0.333,2,2,1,1,0.5,0,0,1,1,1,2,2,0.266667,0.546763,30,139,0.563,0.563,N,N,H
55,9/30/2018,4,N,Y,55,NYJets,Jacksonville,12,31,280,-360,14,9,AFCEast,AFCSouth,AFC,AFC,0.333,0.667,2,1,1,2,0.5,1,0,0.5,1,2,2,1,0.435897,0.411765,78,85,0.313,0.625,N,N,H
56,9/30/2018,4,N,Y,56,TampaBay,Chicago,10,48,125,-145,8,4,NFCSouth,NFCNorth,NFC,NFC,0.667,0.667,2,1,1,2,1,0,0,1,2,2,1,1,0.457143,0.461538,35,52,0.313,0.313,N,N,H
57,9/30/2018,4,N,N,57,Philadelphia,Tennessee,23,26,-150,130,8,11,NFCEast,AFCSouth,NFC,AFC,0.667,0.667,1,2,2,0,1,1,0.5,0.5,2,2,1,1,0.543478,0.578947,92,76,0.813,0.563,N,N,H
58,9/30/2018,4,Y,Y,58,Seattle,Arizona,20,17,-190,160,15,14,NFCWest,NFCWest,NFC,NFC,0.333,0,2,2,1,1,0,0,1,0,1,0,2,3,0.580645,0.4,93,15,0.563,0.5,N,N,V
59,9/30/2018,4,N,Y,59,Cleveland,Oakland,42,45,120,-140,9,11,AFCNorth,AFCWest,AFC,AFC,0.5,0,2,3,1,0,0,0,1,0.5,1,0,1,3,0.196078,0.523148,51,216,0,0.375,N,N,H
60,9/30/2018,4,N,N,60,SanFrancisco,LAChargers,27,29,375,-500,11,7,NFCWest,AFCWest,NFC,AFC,0.333,0.333,2,1,1,2,0,0,1,0.5,1,1,2,2,0.585821,0.423077,268,52,0.375,0.563,N,N,H
61,9/30/2018,4,N,Y,61,NewOrleans,NYGiants,33,18,-180,150,10,9,NFCSouth,NFCEast,NFC,NFC,0.667,0.333,1,3,2,0,1,0.333333,0.5,0.5,2,1,1,2,0.653933,0.288462,445,52,0.688,0.188,N,N,V
62,9/30/2018,4,Y,Y,62,Baltimore,Pittsburgh,26,14,142,-165,12,8,AFCNorth,AFCNorth,AFC,AFC,0.667,0.333,0,1,3,2,0.5,1,0.666667,0,2,1,1,2,0.611814,0.630952,237,252,0.563,0.813,N,N,V
63,10/1/2018,4,Y,Y,63,KansasCity,Denver,27,23,-185,155,10,9,AFCWest,AFCWest,AFC,AFC,1,0.667,2,1,1,2,1,0,1,1,3,2,0,1,0.64042,0.368421,381,19,0.625,0.313,N,N,V
64,10/4/2018,5,N,Y,64,Indianapolis,NewEngland,24,38,500,-700,16,10,AFCSouth,AFCEast,AFC,AFC,0.25,0.5,4,0,0,4,0.25,0.5,0.5,0.5,1,2,3,2,0.463768,0.607595,69,237,0.25,0.813,N,N,H
65,10/7/2018,5,Y,Y,65,Baltimore,Cleveland,9,12,-185,155,16,8,AFCNorth,AFCNorth,AFC,AFC,0.75,0.333,1,3,3,1,1,0,0.666667,1,3,1,1,2,0.613445,0.192308,238,52,0.563,0,N,N,H
66,10/7/2018,5,N,Y,66,Jacksonville,KansasCity,14,30,135,-155,10,7,AFCSouth,AFCWest,AFC,AFC,0.75,1,1,2,3,2,1,1,0.666667,1,3,4,1,0,0.418605,0.641361,86,382,0.625,0.625,N,N,H
67,10/7/2018,5,N,Y,67,Tennessee,Buffalo,12,13,-300,240,7,7,AFCSouth,AFCEast,AFC,AFC,0.75,0.25,3,4,0,0,1,0.25,0.5,0.5,3,1,1,3,0.584416,0.666667,77,93,0.563,0.563,N,N,H
68,10/7/2018,5,N,Y,68,NYGiants,Carolina,31,33,240,-300,8,7,NFCEast,NFCSouth,NFC,NFC,0.25,0.667,4,1,0,2,0.25,0,0.5,1,1,2,3,1,0.283019,0.518919,53,185,0.188,0.688,N,Y,H
69,10/7/2018,5,N,Y,69,Denver,NYJets,16,34,-110,-110,10,15,AFCWest,AFCEast,AFC,AFC,0.5,0.25,2,3,2,1,0,0.333333,1,0,2,1,2,3,0.35,0.43038,20,79,0.313,0.313,N,N,H
70,10/7/2018,5,N,N,70,Atlanta,Pittsburgh,17,41,155,-185,9,10,NFCSouth,AFCNorth,NFC,AFC,0.25,0.25,0,1,4,3,0.5,1,0.25,0,1,1,3,3,0.506849,0.628458,73,253,0.625,0.813,N,N,H
71,10/7/2018,5,Y,Y,71,GreenBay,Detroit,23,31,110,-130,13,11,NFCNorth,NFCNorth,NFC,NFC,0.667,0.25,1,3,3,1,0,0.333333,0.666667,0,2,1,1,3,0.624506,0.258065,253,31,0.438,0.563,N,N,H
72,10/7/2018,5,N,Y,72,Miami,Cincinnati,17,27,210,-260,15,9,AFCEast,AFCNorth,AFC,AFC,0.75,0.75,2,3,1,1,0.5,0.666667,1,1,3,3,1,1,0.411765,0.52459,68,244,0.375,0.438,N,N,H
73,10/7/2018,5,Y,Y,73,Oakland,LAChargers,10,26,190,-240,9,5,AFCWest,AFCWest,AFC,AFC,0.25,0.5,3,1,1,3,0,0,1,0.666667,1,2,3,2,0.525346,0.433962,217,53,0.375,0.563,N,N,H
74,10/7/2018,5,Y,Y,74,Arizona,SanFrancisco,28,18,142,-165,11,14,NFCWest,NFCWest,NFC,NFC,0,0.25,3,3,1,1,0,0,0,1,0,1,4,3,0.375,0.583643,16,269,0.5,0.375,N,N,V
75,10/7/2018,5,N,Y,75,Minnesota,Philadelphia,23,21,160,-190,12,7,NFCNorth,NFCEast,NFC,NFC,0.25,0.5,1,1,3,3,0,1,0.333333,0.333333,1,2,3,2,0.555556,0.537634,117,93,0.813,0.813,N,N,V
76,10/7/2018,5,Y,Y,76,LARams,Seattle,33,31,-360,280,9,12,NFCWest,NFCWest,NFC,NFC,1,0.5,0,2,4,2,0.5,0,1,1,4,2,0,2,0.574468,0.585106,94,94,0.688,0.563,N,N,V
77,10/7/2018,5,N,N,77,Dallas,Houston,16,19,155,-185,12,17,NFCEast,AFCSouth,NFC,AFC,0.5,0.25,2,1,2,3,0,0,1,0.333333,2,1,2,3,0.55,0.477273,140,88,0.563,0.25,N,N,H
78,10/8/2018,5,N,Y,78,Washington,NewOrleans,19,43,215,-265,12,8,NFCEast,NFCSouth,NFC,NFC,0.667,0.75,2,1,1,3,1,1,0,0.666667,2,3,1,1,0.416667,0.654709,72,446,0.438,0.688,Y,N,H
79,10/11/2018,6,Y,Y,79,Philadelphia,NYGiants,34,13,-137,117,11,8,NFCEast,NFCEast,NFC,NFC,0.4,0.2,1,5,4,0,1,0.2,0.25,0.5,2,1,3,4,0.531915,0.277778,94,54,0.813,0.188,N,N,V
80,10/14/2018,6,N,Y,80,Arizona,Minnesota,17,27,375,-500,14,11,NFCWest,NFCNorth,NFC,NFC,0.2,0.4,4,2,1,3,0.25,0.5,0,0.333333,1,2,4,3,0.411765,0.559322,17,118,0.5,0.813,N,N,H
81,10/14/2018,6,N,Y,81,LAChargers,Cleveland,38,14,-110,-110,10,8,AFCWest,AFCNorth,AFC,AFC,0.6,0.5,1,4,4,1,0,0.25,0.75,1,3,2,2,2,0.444444,0.207547,54,53,0.563,0,N,N,V
82,10/14/2018,6,N,N,82,Chicago,Miami,28,31,-350,275,4,17,NFCNorth,AFCEast,NFC,AFC,0.75,0.6,1,3,3,1,0,0.333333,1,1,3,3,1,2,0.471698,0.405797,53,69,0.313,0.375,Y,N,H
83,10/14/2018,6,N,Y,83,Carolina,Washington,17,23,-125,105,9,15,NFCSouth,NFCEast,NFC,NFC,0.75,0.5,1,3,3,1,0,0.666667,1,0,3,2,1,2,0.521505,0.410959,186,73,0.688,0.438,N,N,H
84,10/14/2018,6,N,Y,84,Indianapolis,NYJets,34,42,125,-145,20,15,AFCSouth,AFCEast,AFC,AFC,0.2,0.4,5,3,0,1,0.2,0.333333,0.5,0,1,2,4,3,0.457143,0.4375,70,80,0.25,0.313,N,N,H
85,10/14/2018,6,Y,Y,85,Pittsburgh,Cincinnati,28,21,100,-120,9,10,AFCNorth,AFCNorth,AFC,AFC,0.4,0.8,1,3,4,2,1,0.666667,0.25,1,2,4,3,1,0.629921,0.526531,254,245,0.813,0.438,N,N,V
86,10/14/2018,6,Y,Y,86,TampaBay,Atlanta,29,34,140,-160,6,5,NFCSouth,NFCSouth,NFC,NFC,0.5,0.2,3,1,1,4,0.666667,0,0,0.25,2,1,2,4,0.444444,0.5,36,74,0.313,0.625,Y,N,H
87,10/14/2018,6,N,N,87,Seattle,Oakland,27,3,-160,140,8,10,NFCWest,AFCWest,NFC,AFC,0.4,0.2,3,4,2,1,0,0,1,1,2,1,3,4,0.578947,0.522936,95,218,0.563,0.375,N,N,V
88,10/14/2018,6,N,Y,88,Buffalo,Houston,13,20,375,-500,7,14,AFCEast,AFCSouth,AFC,AFC,0.4,0.4,5,1,0,4,0.4,0,0.5,0.5,2,2,3,3,0.670213,0.483146,94,89,0.563,0.25,N,N,H
89,10/14/2018,6,N,N,89,LARams,Denver,23,20,-330,260,10,12,NFCWest,AFCWest,NFC,AFC,1,0.4,0,2,5,2,0.5,0,1,1,5,2,0,3,0.578947,0.333333,95,21,0.688,0.313,N,N,V
90,10/14/2018,6,N,N,90,Jacksonville,Dallas,7,40,-170,145,12,16,AFCSouth,NFCEast,AFC,NFC,0.6,0.4,2,3,3,2,0.5,0,0.666667,1,3,2,2,3,0.413793,0.546099,87,141,0.625,0.563,N,N,H
91,10/14/2018,6,N,Y,91,Baltimore,Tennessee,21,0,-140,120,10,8,AFCNorth,AFCSouth,AFC,AFC,0.6,0.6,1,3,4,1,1,1,0.5,0,3,3,2,2,0.610879,0.576923,239,78,0.563,0.563,N,N,V
92,10/14/2018,6,N,Y,92,KansasCity,NewEngland,40,43,170,-200,9,9,AFCWest,AFCEast,AFC,AFC,1,0.6,2,0,3,5,1,0.5,1,0.6,5,3,0,2,0.642298,0.609244,383,238,0.625,0.813,N,N,H
93,10/15/2018,6,N,Y,93,SanFrancisco,GreenBay,30,33,377,-490,17,13,NFCWest,NFCNorth,NFC,NFC,0.2,0.5,3,2,2,3,0,0,0.5,0.666667,1,2,4,2,0.581481,0.622047,270,254,0.375,0.438,N,N,H
94,10/18/2018,7,N,N,94,Denver,Arizona,45,10,-115,-105,11,14,AFCWest,NFCWest,AFC,NFC,0.333,0.167,3,5,2,1,0,0.2,1,0,2,1,4,5,0.318182,0.388889,22,18,0.313,0.5,N,N,V
95,10/21/2018,7,N,Y,95,Tennessee,LAChargers,19,20,240,-300,6,11,AFCSouth,AFCWest,AFC,AFC,0.5,0.667,4,1,1,4,0.75,0,0,0.75,3,4,3,2,0.56962,0.454545,79,55,0.563,0.563,N,N,H
96,10/21/2018,7,N,N,96,NewEngland,Chicago,38,31,-130,110,11,7,AFCEast,NFCNorth,AFC,NFC,0.667,0.6,0,1,6,4,0.5,0,0.666667,0.75,4,3,2,2,0.610879,0.462963,239,54,0.813,0.313,N,N,V
97,10/21/2018,7,N,N,97,Cleveland,TampaBay,23,26,160,-190,6,6,AFCNorth,NFCSouth,AFC,NFC,0.4,0.4,4,4,1,1,0.25,0.5,1,0,2,2,3,3,0.203704,0.432432,54,37,0,0.313,N,N,H
98,10/21/2018,7,N,N,98,Detroit,Miami,32,21,-190,160,8,14,NFCNorth,AFCEast,NFC,AFC,0.4,0.667,3,4,2,1,0.333333,0.5,0.5,1,2,4,3,2,0.28125,0.414286,32,70,0.563,0.375,Y,N,V
99,10/21/2018,7,N,Y,99,Carolina,Philadelphia,21,17,200,-250,8,12,NFCSouth,NFCEast,NFC,NFC,0.6,0.5,1,1,4,5,0,1,0.75,0.4,3,3,2,3,0.518717,0.536842,187,95,0.688,0.813,N,N,V
100,10/21/2018,7,N,Y,100,Buffalo,Indianapolis,5,37,250,-310,7,13,AFCEast,AFCSouth,AFC,AFC,0.333,0.167,6,6,0,0,0.333333,0.166667,0.5,0.5,2,1,4,5,0.663158,0.450704,95,71,0.563,0.25,N,N,H
101,10/21/2018,7,N,Y,101,Cincinnati,KansasCity,10,45,240,-300,16,9,AFCNorth,AFCWest,AFC,AFC,0.667,0.833,3,3,3,3,0.666667,0.666667,0.666667,1,4,5,2,1,0.52439,0.640625,246,384,0.438,0.625,N,N,H
102,10/21/2018,7,N,N,102,Minnesota,NYJets,37,17,-190,160,10,18,NFCNorth,AFCEast,NFC,AFC,0.5,0.5,2,3,4,2,0.5,0.333333,0.5,0.5,3,3,3,3,0.563025,0.444444,119,81,0.813,0.313,N,N,V
103,10/21/2018,7,Y,Y,103,Houston,Jacksonville,20,7,160,-190,14,10,AFCSouth,AFCSouth,AFC,AFC,0.5,0.5,1,2,5,4,0,0.5,0.6,0.5,3,3,3,3,0.488889,0.409091,90,88,0.25,0.625,N,N,V
104,10/21/2018,7,N,N,104,NewOrleans,Baltimore,24,23,125,-145,8,8,NFCSouth,AFCNorth,NFC,AFC,0.8,0.667,1,1,4,5,1,1,0.75,0.6,4,4,1,2,0.655481,0.6125,447,240,0.688,0.563,Y,N,V
105,10/21/2018,7,Y,Y,105,Dallas,Washington,17,20,-130,110,12,14,NFCEast,NFCEast,NFC,NFC,0.5,0.6,4,4,2,1,0.25,0.75,1,0,3,3,3,2,0.549296,0.418919,142,74,0.563,0.438,N,N,H
106,10/21/2018,7,Y,Y,106,LARams,SanFrancisco,39,10,-450,350,8,16,NFCWest,NFCWest,NFC,NFC,1,0.167,0,4,6,2,0.5,0,1,0.5,6,1,0,5,0.583333,0.579336,96,271,0.688,0.375,N,N,V
107,10/22/2018,7,N,Y,107,NYGiants,Atlanta,20,23,199,-240,7,7,NFCEast,NFCSouth,NFC,NFC,0.167,0.333,6,1,0,5,0.166667,0,0.5,0.4,1,2,5,4,0.272727,0.506667,55,75,0.188,0.625,N,N,H
108,10/25/2018,8,N,Y,108,Miami,Houston,23,42,290,-380,19,15,AFCEast,AFCSouth,AFC,AFC,0.571,0.571,5,2,1,5,0.4,0.5,1,0.6,4,4,3,3,0.408451,0.494505,71,91,0.375,0.25,N,N,H
109,10/28/2018,8,N,N,109,Philadelphia,Jacksonville,24,18,-220,180,12,14,NFCEast,AFCSouth,NFC,AFC,0.429,0.429,1,2,6,5,1,0.5,0.333333,0.4,3,3,4,4,0.53125,0.404494,96,89,0.813,0.625,N,N,V
110,10/28/2018,8,Y,Y,110,Cleveland,Pittsburgh,18,33,340,-440,14,7,AFCNorth,AFCNorth,AFC,AFC,0.333,0.5,5,2,1,4,0.2,1,1,0.25,2,3,4,3,0.2,0.631373,55,255,0,0.813,N,Y,H
111,10/28/2018,8,Y,Y,111,Denver,KansasCity,23,30,330,-430,12,7,AFCWest,AFCWest,AFC,AFC,0.429,0.857,3,3,3,4,0,0.666667,1,1,3,6,4,1,0.347826,0.641558,23,385,0.313,0.625,N,N,H
112,10/28/2018,8,N,N,112,NYJets,Chicago,10,24,300,-400,14,8,AFCEast,NFCNorth,AFC,NFC,0.429,0.5,4,2,2,4,0.25,0,0.5,0.75,3,3,4,3,0.439024,0.454545,82,55,0.313,0.313,N,N,H
113,10/28/2018,8,Y,Y,113,Washington,NYGiants,20,13,-120,100,16,4,NFCEast,NFCEast,NFC,NFC,0.667,0.143,5,7,1,0,0.8,0.142857,0,0.5,4,1,2,6,0.426667,0.267857,75,56,0.438,0.188,N,N,V
114,10/28/2018,8,N,Y,114,Seattle,Detroit,28,14,145,-170,10,6,NFCWest,NFCNorth,NFC,NFC,0.5,0.5,3,3,3,3,0,0.333333,1,0.666667,3,3,3,3,0.583333,0.30303,96,33,0.563,0.563,Y,N,V
115,10/28/2018,8,N,N,115,TampaBay,Cincinnati,34,37,160,-190,5,12,NFCSouth,AFCNorth,NFC,AFC,0.5,0.571,4,4,2,3,0.5,0.5,0.5,0.666667,3,4,3,3,0.447368,0.522267,38,247,0.313,0.438,N,N,H
116,10/28/2018,8,N,N,116,Baltimore,Carolina,21,36,-150,130,11,8,AFCNorth,NFCSouth,AFC,NFC,0.571,0.667,1,2,6,4,1,0.5,0.5,0.75,4,4,3,2,0.609959,0.521277,241,188,0.563,0.688,N,N,H
117,10/28/2018,8,N,Y,117,Indianapolis,Oakland,42,28,-200,170,15,13,AFCSouth,AFCWest,AFC,AFC,0.286,0.167,6,5,1,1,0.166667,0,1,1,2,1,5,5,0.458333,0.520548,72,219,0.25,0.375,N,Y,V
118,10/28/2018,8,Y,Y,118,SanFrancisco,Arizona,15,18,-150,130,12,12,NFCWest,NFCWest,NFC,NFC,0.143,0.143,5,6,2,1,0,0.166667,0.5,0,1,1,6,6,0.577206,0.368421,272,19,0.375,0.5,N,N,H
119,10/28/2018,8,N,Y,119,GreenBay,LARams,27,29,290,-380,10,6,NFCNorth,NFCWest,NFC,NFC,0.6,1,2,0,4,7,0,0.5,0.75,1,3,7,2,0,0.623529,0.587629,255,97,0.438,0.688,Y,N,H
120,10/28/2018,8,N,Y,120,NewOrleans,Minnesota,30,20,-140,120,11,11,NFCSouth,NFCNorth,NFC,NFC,0.833,0.571,2,2,4,5,1,0.5,0.75,0.6,5,4,1,3,0.65625,0.566667,448,120,0.688,0.813,N,N,V
121,10/29/2018,8,Y,Y,121,NewEngland,Buffalo,25,6,-1200,750,12,10,AFCEast,AFCEast,AFC,AFC,0.714,0.286,0,7,7,0,0.5,0.285714,0.714286,0.5,5,2,2,5,0.6125,0.65625,240,96,0.813,0.563,N,N,V
122,11/1/2018,9,N,N,122,Oakland,SanFrancisco,3,34,-130,110,10,11,AFCWest,NFCWest,AFC,NFC,0.143,0.125,6,5,1,3,0,0,1,0.333333,1,1,6,7,0.518182,0.575092,220,273,0.375,0.375,N,N,H
123,11/4/2018,9,Y,Y,123,Detroit,Minnesota,9,24,190,-240,7,9,NFCNorth,NFCNorth,NFC,NFC,0.429,0.5,3,3,4,5,0.333333,0.333333,0.5,0.6,3,4,4,4,0.294118,0.561983,34,121,0.563,0.813,N,N,H
124,11/4/2018,9,N,Y,124,KansasCity,Cleveland,37,21,-430,330,11,13,AFCWest,AFCNorth,AFC,AFC,0.875,0.286,3,6,5,1,0.666667,0.166667,1,1,7,2,1,5,0.642487,0.105769,386,104,0.625,0,N,N,V
125,11/4/2018,9,Y,Y,125,Pittsburgh,Baltimore,23,16,110,-130,8,13,AFCNorth,AFCNorth,AFC,AFC,0.571,0.5,2,1,5,7,1,1,0.4,0.428571,4,4,3,4,0.632813,0.607438,256,242,0.813,0.563,N,N,V
126,11/4/2018,9,Y,Y,126,TampaBay,Carolina,28,42,230,-280,9,7,NFCSouth,NFCSouth,NFC,NFC,0.429,0.714,5,3,2,4,0.4,0.666667,0.5,0.75,3,5,4,2,0.435897,0.52381,39,189,0.313,0.688,N,N,H
127,11/4/2018,9,Y,Y,127,NYJets,Miami,6,13,135,-155,15,15,AFCEast,AFCEast,AFC,AFC,0.375,0.5,5,6,2,1,0.2,0.333333,0.5,1,3,4,5,4,0.433735,0.402778,83,72,0.313,0.375,N,N,H
128,11/4/2018,9,N,Y,128,Atlanta,Washington,38,14,105,-125,7,17,NFCSouth,NFCEast,NFC,NFC,0.429,0.714,1,5,6,2,0,0.8,0.5,0.5,3,5,4,2,0.513158,0.434211,76,76,0.625,0.438,Y,N,V
129,11/4/2018,9,N,N,129,Chicago,Buffalo,41,9,-550,400,7,7,NFCNorth,AFCEast,NFC,AFC,0.571,0.25,2,8,5,0,0,0.25,0.8,0.5,4,2,3,6,0.464286,0.649485,56,97,0.313,0.563,N,N,V
130,11/4/2018,9,N,Y,130,Houston,Denver,19,17,100,-120,15,12,AFCSouth,AFCWest,AFC,AFC,0.625,0.375,2,4,6,3,0.5,0,0.666667,1,5,3,3,5,0.5,0.333333,92,24,0.25,0.313,N,N,V
131,11/4/2018,9,N,N,131,LAChargers,Seattle,25,17,100,-120,4,12,AFCWest,NFCWest,AFC,NFC,0.714,0.571,1,4,5,3,0,0.25,0.8,1,5,4,2,3,0.464286,0.587629,56,97,0.563,0.563,Y,N,V
132,11/4/2018,9,N,Y,132,LARams,NewOrleans,35,45,-135,115,5,7,NFCWest,NFCSouth,NFC,NFC,1,0.857,0,2,8,5,0.5,1,1,0.8,8,6,0,1,0.591837,0.657016,98,449,0.688,0.688,N,N,H
133,11/4/2018,9,N,N,133,GreenBay,NewEngland,17,31,175,-210,10,17,NFCNorth,AFCEast,NFC,AFC,0.5,0.75,3,0,4,8,0,0.5,0.75,0.75,3,6,3,2,0.621094,0.614108,256,241,0.438,0.813,N,N,H
134,11/5/2018,9,N,N,134,Tennessee,Dallas,28,14,190,-240,6,8,AFCSouth,NFCEast,AFC,NFC,0.429,0.429,5,4,1,3,0.6,0.25,0,0.666667,3,3,4,4,0.5625,0.545455,80,143,0.563,0.563,Y,Y,V
135,11/8/2018,10,N,N,135,Carolina,Pittsburgh,21,52,170,-200,9,8,NFCSouth,AFCNorth,NFC,AFC,0.75,0.625,3,3,5,5,0.666667,1,0.8,0.4,6,5,2,3,0.526316,0.634241,190,257,0.688,0.813,N,N,H
136,11/11/2018,10,Y,Y,136,Buffalo,NYJets,41,10,250,-310,10,22,AFCEast,AFCEast,AFC,AFC,0.222,0.333,9,6,0,2,0.222222,0.166667,0.5,0.5,2,3,7,6,0.642857,0.428571,98,84,0.563,0.313,N,N,V
137,11/11/2018,10,N,N,137,Atlanta,Cleveland,16,28,-250,200,7,13,NFCSouth,AFCNorth,NFC,AFC,0.5,0.25,2,7,6,1,0.5,0.142857,0.5,1,4,2,4,6,0.519481,0.104762,77,105,0.625,0,N,N,H
138,11/11/2018,10,N,N,138,NewOrleans,Cincinnati,51,14,-275,225,9,12,NFCSouth,AFCNorth,NFC,AFC,0.875,0.625,3,4,5,4,1,0.5,0.8,0.75,7,5,1,3,0.657778,0.524194,450,248,0.688,0.438,N,Y,V
139,11/11/2018,10,N,Y,139,Washington,TampaBay,16,3,160,-190,13,8,NFCEast,NFCSouth,NFC,NFC,0.625,0.375,5,6,3,2,0.8,0.333333,0.333333,0.5,5,3,3,5,0.428571,0.425,77,40,0.438,0.313,N,N,V
140,11/11/2018,10,N,Y,140,NewEngland,Tennessee,10,34,-300,240,11,8,AFCEast,AFCSouth,AFC,AFC,0.778,0.5,0,6,9,1,0.5,0.666667,0.777778,0,7,4,2,4,0.615702,0.567901,242,81,0.813,0.563,N,N,H
141,11/11/2018,10,N,N,141,Miami,GreenBay,12,31,550,-800,21,9,AFCEast,NFCNorth,AFC,NFC,0.556,0.429,6,4,2,4,0.333333,0,1,0.75,5,3,4,4,0.410959,0.618677,73,257,0.375,0.438,N,N,H
142,11/11/2018,10,Y,Y,142,Jacksonville,Indianapolis,26,29,140,-160,10,14,AFCSouth,AFCSouth,AFC,AFC,0.375,0.375,3,6,5,2,0.333333,0.166667,0.4,1,3,3,5,5,0.4,0.465753,90,73,0.625,0.25,Y,Y,H
143,11/11/2018,10,Y,Y,143,Detroit,Chicago,22,34,275,-350,8,8,NFCNorth,NFCNorth,NFC,NFC,0.375,0.625,4,2,4,6,0.25,0,0.5,0.833333,3,5,5,3,0.285714,0.473684,35,57,0.563,0.313,N,N,H
144,11/11/2018,10,N,N,144,Arizona,KansasCity,14,26,1000,-2000,10,10,NFCWest,AFCWest,NFC,AFC,0.25,0.889,7,3,1,6,0.285714,0.666667,0,1,2,8,6,1,0.4,0.643411,20,387,0.5,0.625,Y,N,H
145,11/11/2018,10,Y,Y,145,LAChargers,Oakland,20,6,-600,425,5,8,AFCWest,AFCWest,AFC,AFC,0.75,0.125,2,6,5,2,0.5,0,0.8,0.5,6,1,2,7,0.473684,0.515837,57,221,0.563,0.375,N,N,V
146,11/11/2018,10,Y,Y,146,Seattle,LARams,31,36,400,-550,13,3,NFCWest,NFCWest,NFC,NFC,0.5,0.889,4,0,4,9,0.25,0.5,0.75,0.888889,4,8,4,1,0.581633,0.585859,98,99,0.563,0.688,N,N,H
147,11/11/2018,10,Y,Y,147,Dallas,Philadelphia,27,20,300,-400,11,13,NFCEast,NFCEast,NFC,NFC,0.375,0.5,4,1,4,7,0.25,1,0.5,0.428571,3,4,5,4,0.541667,0.536082,144,97,0.563,0.813,N,Y,V
148,11/12/2018,10,N,Y,148,NYGiants,SanFrancisco,27,23,145,-170,3,8,NFCEast,NFCWest,NFC,NFC,0.125,0.222,8,6,0,3,0.125,0.166667,0.5,0.333333,1,2,7,7,0.263158,0.576642,57,274,0.188,0.375,Y,N,V
149,11/15/2018,11,N,Y,149,GreenBay,Seattle,24,27,140,-160,11,10,NFCNorth,NFCWest,NFC,NFC,0.5,0.444,4,5,5,4,0,0.2,0.8,0.75,4,4,4,5,0.620155,0.575758,258,99,0.438,0.563,N,N,H
150,11/18/2018,11,N,Y,150,Carolina,Detroit,19,20,-220,180,5,9,NFCSouth,NFCNorth,NFC,NFC,0.667,0.333,4,5,5,4,0.5,0.2,0.8,0.5,6,3,3,6,0.52356,0.277778,191,36,0.688,0.563,N,N,H
151,11/18/2018,11,N,Y,151,Dallas,Atlanta,22,19,170,-200,13,9,NFCEast,NFCSouth,NFC,NFC,0.444,0.444,5,2,4,7,0.4,0.5,0.5,0.428571,4,4,5,5,0.544828,0.512821,145,78,0.563,0.625,N,N,V
152,11/18/2018,11,Y,Y,152,Cincinnati,Baltimore,21,24,240,-300,15,10,AFCNorth,AFCNorth,AFC,AFC,0.556,0.444,5,1,4,8,0.4,1,0.75,0.375,5,4,4,5,0.522088,0.604938,249,243,0.438,0.563,N,Y,H
153,11/18/2018,11,Y,Y,153,Minnesota,Chicago,20,25,120,-140,11,3,NFCNorth,NFCNorth,NFC,NFC,0.556,0.667,3,2,6,7,0.333333,0,0.666667,0.857143,5,6,4,3,0.565574,0.482759,122,58,0.813,0.313,Y,N,H
154,11/18/2018,11,N,Y,154,Philadelphia,NewOrleans,7,48,260,-330,19,9,NFCEast,NFCSouth,NFC,NFC,0.444,0.889,1,3,8,6,1,1,0.375,0.833333,4,8,5,1,0.530612,0.658537,98,451,0.813,0.688,N,N,H
155,11/18/2018,11,Y,Y,155,Tennessee,Indianapolis,10,38,105,-125,8,16,AFCSouth,AFCSouth,AFC,AFC,0.556,0.444,7,6,1,3,0.714286,0.166667,0,1,5,4,4,5,0.573171,0.472973,82,74,0.563,0.25,N,N,H
156,11/18/2018,11,N,N,156,Houston,Washington,23,21,-170,145,9,15,AFCSouth,NFCEast,AFC,NFC,0.667,0.667,3,6,6,3,0.666667,0.833333,0.666667,0.333333,6,6,3,3,0.505376,0.435897,93,78,0.25,0.438,Y,N,V
157,11/18/2018,11,N,Y,157,TampaBay,NYGiants,35,38,145,-170,12,5,NFCSouth,NFCEast,NFC,NFC,0.333,0.222,6,9,3,0,0.333333,0.222222,0.333333,0.5,3,2,6,7,0.414634,0.275862,41,58,0.313,0.188,N,N,H
158,11/18/2018,11,Y,Y,158,Denver,LAChargers,23,22,275,-350,9,9,AFCWest,AFCWest,AFC,AFC,0.333,0.778,4,2,4,6,0,0.5,0.75,0.833333,3,7,6,2,0.32,0.482759,25,58,0.313,0.563,Y,N,V
159,11/18/2018,11,N,N,159,Oakland,Arizona,23,21,180,-220,13,12,AFCWest,NFCWest,AFC,NFC,0.111,0.222,7,8,2,1,0,0.25,0.5,0,1,2,8,7,0.513514,0.380952,222,21,0.375,0.5,N,N,V
160,11/18/2018,11,N,Y,160,Pittsburgh,Jacksonville,20,16,-210,175,5,10,AFCNorth,AFCSouth,AFC,AFC,0.667,0.333,3,4,6,5,1,0.25,0.5,0.4,6,3,3,6,0.635659,0.395604,258,91,0.813,0.625,N,N,V
161,11/19/2018,11,N,N,161,KansasCity,LARams,51,54,150,-180,9,6,AFCWest,NFCWest,AFC,NFC,0.9,0.9,3,0,7,10,0.666667,0.5,1,0.9,9,9,1,1,0.64433,0.59,388,100,0.625,0.688,N,N,H
162,11/22/2018,12,Y,Y,162,Chicago,Detroit,23,16,-170,145,3,9,NFCNorth,NFCNorth,NFC,NFC,0.7,0.4,2,6,8,4,0,0.333333,0.875,0.5,7,4,3,6,0.491525,0.297297,59,37,0.313,0.563,N,N,V
163,11/22/2018,12,Y,Y,163,Washington,Dallas,23,31,280,-360,15,14,NFCEast,NFCEast,NFC,NFC,0.6,0.5,7,6,3,4,0.714286,0.5,0.333333,0.5,6,5,4,5,0.43038,0.547945,79,146,0.438,0.563,N,N,H
164,11/22/2018,12,Y,Y,164,Atlanta,NewOrleans,17,31,500,-700,7,9,NFCSouth,NFCSouth,NFC,NFC,0.4,0.9,2,3,8,7,0.5,1,0.375,0.857143,4,9,6,1,0.506329,0.659292,79,452,0.625,0.688,N,N,H
165,11/25/2018,12,N,Y,165,Jacksonville,Buffalo,21,24,-170,145,9,9,AFCSouth,AFCEast,AFC,AFC,0.3,0.3,5,10,5,0,0.2,0.3,0.4,0.5,3,3,7,7,0.391304,0.646465,92,99,0.625,0.563,N,Y,H
166,11/25/2018,12,N,Y,166,Oakland,Baltimore,17,34,575,-850,13,13,AFCWest,AFCNorth,AFC,AFC,0.2,0.5,8,1,2,9,0.125,1,0.5,0.444444,2,5,8,5,0.515695,0.606557,223,244,0.375,0.563,N,N,H
167,11/25/2018,12,N,Y,167,SanFrancisco,TampaBay,9,27,105,-125,5,14,NFCWest,NFCSouth,NFC,NFC,0.2,0.3,6,7,4,3,0.166667,0.285714,0.25,0.333333,2,3,8,7,0.574545,0.404762,275,42,0.375,0.313,Y,N,H
168,11/25/2018,12,Y,Y,168,NYGiants,Philadelphia,22,25,190,-240,1,8,NFCEast,NFCEast,NFC,NFC,0.3,0.4,9,2,1,8,0.222222,0.5,1,0.375,3,4,7,6,0.288136,0.525253,59,99,0.188,0.813,N,N,H
169,11/25/2018,12,Y,Y,169,Cleveland,Cincinnati,35,20,-110,-110,5,12,AFCNorth,AFCNorth,AFC,AFC,0.333,0.5,8,6,1,4,0.25,0.333333,1,0.75,3,5,6,5,0.113208,0.52,106,250,0,0.438,Y,N,V
170,11/25/2018,12,Y,Y,170,NewEngland,NYJets,27,13,-800,550,7,16,AFCEast,AFCEast,AFC,AFC,0.7,0.3,0,6,10,3,0.5,0.166667,0.7,0.333333,7,3,3,7,0.613169,0.423529,243,85,0.813,0.313,Y,Y,V
171,11/25/2018,12,N,Y,171,Seattle,Carolina,30,27,140,-160,9,11,NFCWest,NFCSouth,NFC,NFC,0.5,0.6,5,4,5,6,0.2,0.5,0.8,0.666667,5,6,5,4,0.58,0.520833,100,192,0.563,0.688,N,N,V
172,11/25/2018,12,N,Y,172,Miami,Indianapolis,24,27,340,-440,19,11,AFCEast,AFCSouth,AFC,AFC,0.5,0.5,7,6,2,4,0.285714,0.166667,1,1,5,5,5,5,0.405405,0.48,74,75,0.375,0.25,Y,N,H
173,11/25/2018,12,N,N,173,Arizona,LAChargers,10,45,700,-1100,14,9,NFCWest,AFCWest,NFC,AFC,0.2,0.7,8,2,2,7,0.25,0.5,0,0.714286,2,7,8,3,0.363636,0.474576,22,59,0.5,0.563,N,N,H
174,11/25/2018,12,N,Y,174,Pittsburgh,Denver,17,24,-170,145,8,6,AFCNorth,AFCWest,AFC,AFC,0.7,0.4,3,5,7,4,1,0.2,0.571429,0.75,7,4,3,6,0.637066,0.346154,259,26,0.813,0.313,N,N,H
175,11/25/2018,12,Y,Y,175,GreenBay,Minnesota,17,24,170,-200,11,12,NFCNorth,NFCNorth,NFC,NFC,0.444,0.5,5,4,5,6,0,0.25,0.8,0.666667,4,5,5,5,0.617761,0.560976,259,123,0.438,0.813,N,N,H
176,11/26/2018,12,Y,Y,176,Tennessee,Houston,17,34,170,-200,6,14,AFCSouth,AFCSouth,AFC,AFC,0.5,0.7,8,3,1,7,0.625,0.666667,0,0.714286,5,7,5,3,0.566265,0.510638,83,94,0.563,0.25,N,N,H
177,11/29/2018,13,N,Y,177,NewOrleans,Dallas,10,13,-400,300,7,14,NFCSouth,NFCEast,NFC,NFC,0.909,0.545,3,6,8,5,1,0.5,0.875,0.6,10,6,1,5,0.660044,0.55102,453,147,0.688,0.563,N,N,H
178,12/2/2018,13,Y,Y,178,Indianapolis,Jacksonville,0,6,-240,190,15,12,AFCSouth,AFCSouth,AFC,AFC,0.545,0.273,6,5,5,6,0.166667,0.2,1,0.333333,6,3,5,8,0.486842,0.387097,76,93,0.25,0.625,N,N,H
179,12/2/2018,13,N,Y,179,LAChargers,Pittsburgh,33,30,160,-190,6,10,AFCWest,AFCNorth,AFC,AFC,0.727,0.636,2,3,8,8,0.5,1,0.75,0.5,8,7,3,4,0.483333,0.634615,60,260,0.563,0.813,N,N,V
180,12/2/2018,13,Y,Y,180,Carolina,TampaBay,17,24,-190,160,14,15,NFCSouth,NFCSouth,NFC,NFC,0.545,0.364,4,7,7,4,0.5,0.285714,0.571429,0.5,6,4,5,7,0.518135,0.418605,193,43,0.688,0.313,N,N,H
181,12/2/2018,13,N,N,181,Baltimore,Atlanta,26,16,135,-155,16,6,AFCNorth,NFCSouth,AFC,NFC,0.545,0.364,1,3,10,8,1,0.333333,0.5,0.375,6,4,5,7,0.608163,0.5,245,80,0.563,0.625,N,N,V
182,12/2/2018,13,N,Y,182,Cleveland,Houston,13,29,200,-250,9,17,AFCNorth,AFCSouth,AFC,AFC,0.4,0.727,8,3,1,8,0.25,0.666667,1,0.75,4,8,6,3,0.121495,0.515789,107,95,0,0.25,N,N,H
183,12/2/2018,13,Y,Y,183,Buffalo,Miami,17,21,160,-190,8,16,AFCEast,AFCEast,AFC,AFC,0.364,0.455,11,8,0,2,0.363636,0.25,0.5,1,4,5,7,6,0.65,0.4,100,75,0.563,0.375,N,N,H
184,12/2/2018,13,N,Y,184,Chicago,NYGiants,27,30,-190,160,7,7,NFCNorth,NFCEast,NFC,NFC,0.727,0.273,2,10,9,1,0,0.2,0.888889,1,8,3,3,8,0.5,0.283333,60,60,0.313,0.188,N,N,H
185,12/2/2018,13,N,Y,185,Denver,Cincinnati,24,10,-200,170,8,10,AFCWest,AFCNorth,AFC,AFC,0.455,0.455,6,6,4,4,0.333333,0.333333,0.75,0.75,5,5,6,6,0.37037,0.517928,27,251,0.313,0.438,N,N,V
186,12/2/2018,13,N,Y,186,LARams,Detroit,30,16,-550,400,4,7,NFCWest,NFCNorth,NFC,NFC,0.909,0.364,0,7,11,4,0.5,0.285714,0.909091,0.5,10,4,1,7,0.594059,0.289474,101,38,0.688,0.563,Y,N,V
187,12/2/2018,13,N,Y,187,Arizona,GreenBay,20,17,600,-900,13,13,NFCWest,NFCNorth,NFC,NFC,0.182,0.4,9,6,2,5,0.222222,0,0,0.8,2,4,9,6,0.347826,0.615385,23,260,0.5,0.438,N,N,V
188,12/2/2018,13,Y,Y,188,KansasCity,Oakland,40,33,-1100,700,4,12,AFCWest,AFCWest,AFC,AFC,0.818,0.182,4,9,7,2,0.5,0.111111,1,0.5,9,2,2,9,0.642674,0.513393,389,224,0.625,0.375,Y,N,V
189,12/2/2018,13,N,Y,189,NYJets,Tennessee,22,26,400,-550,13,10,AFCEast,AFCSouth,AFC,AFC,0.273,0.455,7,9,3,1,0.142857,0.555556,0.333333,0,3,5,8,6,0.418605,0.559524,86,84,0.313,0.563,N,N,H
190,12/2/2018,13,N,N,190,Minnesota,NewEngland,10,24,220,-270,11,6,NFCNorth,AFCEast,NFC,AFC,0.545,0.727,4,0,7,11,0.25,0.5,0.714286,0.727273,6,8,5,3,0.564516,0.614754,124,244,0.813,0.813,N,N,H
191,12/2/2018,13,Y,Y,191,SanFrancisco,Seattle,16,43,425,-600,13,11,NFCWest,NFCWest,NFC,NFC,0.182,0.545,7,6,4,5,0.142857,0.333333,0.25,0.8,2,6,9,5,0.572464,0.584158,276,101,0.375,0.563,N,N,H
192,12/3/2018,13,Y,Y,192,Washington,Philadelphia,13,28,220,-270,14,13,NFCEast,NFCEast,NFC,NFC,0.545,0.455,8,2,3,9,0.625,0.5,0.333333,0.444444,6,5,5,6,0.425,0.53,80,100,0.438,0.813,N,N,H
193,12/6/2018,14,Y,Y,193,Jacksonville,Tennessee,9,30,200,-250,10,11,AFCSouth,AFCSouth,AFC,AFC,0.333,0.5,6,9,6,2,0.333333,0.555556,0.333333,0.5,4,6,8,6,0.393617,0.564706,94,85,0.625,0.563,N,N,H
194,12/9/2018,14,N,Y,194,Baltimore,KansasCity,24,27,250,-310,14,4,AFCNorth,AFCWest,AFC,AFC,0.583,0.833,2,4,10,8,1,0.5,0.5,1,7,10,5,2,0.609756,0.64359,246,390,0.563,0.625,N,N,H
195,12/9/2018,14,Y,Y,195,Indianapolis,Houston,24,21,180,-220,16,17,AFCSouth,AFCSouth,AFC,AFC,0.5,0.75,6,3,6,9,0.166667,0.666667,0.833333,0.777778,6,9,6,3,0.480519,0.520833,77,96,0.25,0.25,N,N,V
196,12/9/2018,14,N,N,196,Carolina,Cleveland,20,26,-120,100,12,13,NFCSouth,AFCNorth,NFC,AFC,0.5,0.364,4,9,8,1,0.5,0.222222,0.5,1,6,4,6,7,0.515464,0.12037,194,108,0.688,0,N,N,H
197,12/9/2018,14,N,Y,197,Atlanta,GreenBay,20,34,160,-190,8,15,NFCSouth,NFCNorth,NFC,NFC,0.333,0.364,3,6,9,6,0.333333,0,0.333333,0.666667,4,4,8,7,0.493827,3.076923,81,52,0.625,0.438,N,N,H
198,12/9/2018,14,Y,Y,198,NewOrleans,TampaBay,28,14,-450,350,5,9,NFCSouth,NFCSouth,NFC,NFC,0.833,0.417,3,8,9,4,1,0.375,0.777778,0.5,10,5,2,7,0.65859,0.431818,454,44,0.688,0.313,N,N,V
199,12/9/2018,14,Y,Y,199,NYJets,Buffalo,27,23,180,-220,16,7,AFCEast,AFCEast,AFC,AFC,0.25,0.333,8,12,3,0,0.125,0.333333,0.333333,0.5,3,4,9,8,0.413793,0.643564,87,101,0.313,0.563,N,N,V
200,12/9/2018,14,Y,Y,200,NewEngland,Miami,33,34,-450,350,5,15,AFCEast,AFCEast,AFC,AFC,0.75,0.5,0,8,12,3,0.5,0.25,0.75,1,9,6,3,6,0.616327,0.407895,245,76,0.813,0.375,N,N,H
201,12/9/2018,14,N,Y,201,LARams,Chicago,6,15,-155,135,4,6,NFCWest,NFCNorth,NFC,NFC,0.917,0.667,0,2,12,10,0.5,0,0.916667,0.8,11,8,1,4,0.598039,0.491803,102,61,0.688,0.313,N,N,H
202,12/9/2018,14,Y,Y,202,NYGiants,Washington,40,16,-165,142,7,16,NFCEast,NFCEast,NFC,NFC,0.333,0.5,11,9,1,3,0.272727,0.555556,1,0.333333,4,6,8,6,0.295082,0.419753,61,81,0.188,0.438,N,N,V
203,12/9/2018,14,N,N,203,Denver,SanFrancisco,14,20,-160,140,10,13,AFCWest,NFCWest,AFC,NFC,0.5,0.167,6,8,5,4,0.333333,0.125,0.8,0.25,6,2,6,10,0.392857,0.570397,28,277,0.313,0.375,N,N,H
204,12/9/2018,14,N,Y,204,Cincinnati,LAChargers,21,26,900,-1600,9,6,AFCNorth,AFCWest,AFC,AFC,0.417,0.75,7,3,4,8,0.285714,0.666667,0.75,0.75,5,9,7,3,0.515873,0.491803,252,61,0.438,0.563,N,N,H
205,12/9/2018,14,N,Y,205,Detroit,Arizona,17,3,-145,125,12,8,NFCNorth,NFCWest,NFC,NFC,0.333,0.25,8,10,4,2,0.25,0.3,0.5,0,4,3,8,9,0.282051,0.375,39,24,0.563,0.5,N,N,V
206,12/9/2018,14,Y,Y,206,Philadelphia,Dallas,23,29,150,-180,7,12,NFCEast,NFCEast,NFC,NFC,0.5,0.583,2,7,10,5,0.5,0.571429,0.5,0.6,6,7,6,5,0.534653,0.554054,101,148,0.813,0.563,N,N,H
207,12/9/2018,14,N,Y,207,Pittsburgh,Oakland,21,24,-600,425,11,11,AFCNorth,AFCWest,AFC,AFC,0.583,0.167,3,10,9,2,1,0.1,0.444444,0.5,7,2,5,10,0.632184,0.511111,261,225,0.813,0.375,N,N,H
208,12/10/2018,14,N,Y,208,Minnesota,Seattle,7,21,142,-165,9,11,NFCNorth,NFCWest,NFC,NFC,0.5,0.583,5,6,7,6,0.2,0.333333,0.714286,0.833333,6,7,6,5,0.56,0.588235,125,102,0.813,0.563,N,N,H
209,12/13/2018,15,Y,Y,209,LAChargers,KansasCity,29,28,170,-200,5,8,AFCWest,AFCWest,AFC,AFC,0.769,0.846,3,4,9,9,0.666667,0.5,0.777778,1,10,11,3,2,0.5,0.644501,62,391,0.563,0.625,N,N,V
210,12/15/2018,15,N,Y,210,Houston,NYJets,29,22,-350,275,18,17,AFCSouth,AFCEast,AFC,AFC,0.692,0.308,3,9,10,3,0.666667,0.222222,0.7,0.333333,9,4,4,9,0.515464,0.420455,97,88,0.25,0.313,N,N,V
211,12/15/2018,15,N,Y,211,Cleveland,Denver,17,16,105,-125,14,8,AFCNorth,AFCWest,AFC,AFC,0.417,0.462,10,6,1,6,0.3,0.333333,1,0.666667,5,6,7,7,0.12844,0.37931,109,29,0,0.313,N,N,V
212,12/16/2018,15,N,N,212,Miami,Minnesota,17,41,320,-420,14,10,AFCEast,NFCNorth,AFC,NFC,0.538,0.462,9,6,3,7,0.333333,0.166667,1,0.714286,7,6,6,7,0.415584,0.555556,77,126,0.375,0.813,N,N,H
213,12/16/2018,15,N,Y,213,Oakland,Cincinnati,16,30,145,-170,10,10,AFCWest,AFCNorth,AFC,AFC,0.231,0.385,11,8,2,4,0.181818,0.25,0.5,0.75,3,5,10,8,0.513274,0.513834,226,253,0.375,0.438,N,N,H
214,12/16/2018,15,N,N,214,TampaBay,Baltimore,12,20,330,-430,9,15,NFCSouth,AFCNorth,NFC,AFC,0.385,0.538,9,3,4,10,0.333333,0.666667,0.5,0.5,5,7,8,6,0.422222,0.607287,45,247,0.313,0.563,N,N,H
215,12/16/2018,15,N,N,215,Dallas,Indianapolis,0,23,155,-185,12,15,NFCEast,AFCSouth,NFC,AFC,0.615,0.538,7,7,6,6,0.571429,0.285714,0.666667,0.833333,8,7,5,6,0.557047,0.487179,149,78,0.563,0.25,N,N,H
216,12/16/2018,15,N,N,216,Detroit,Buffalo,13,14,130,-150,11,7,NFCNorth,AFCEast,NFC,AFC,0.385,0.308,8,12,5,1,0.25,0.333333,0.6,0,5,4,8,9,0.3,0.637255,40,102,0.563,0.563,N,N,H
217,12/16/2018,15,Y,Y,217,GreenBay,Chicago,17,24,200,-250,9,3,NFCNorth,NFCNorth,NFC,NFC,0.417,0.692,6,3,7,10,0,0.333333,0.714286,0.8,5,9,7,4,3.037736,0.5,53,62,0.438,0.313,N,N,H
218,12/16/2018,15,N,N,218,Tennessee,NYGiants,17,0,-145,125,9,4,AFCSouth,NFCEast,AFC,NFC,0.538,0.385,9,11,3,2,0.555556,0.272727,0.666667,1,7,5,6,8,0.569767,0.306452,86,62,0.563,0.188,N,N,V
219,12/16/2018,15,N,N,219,Washington,Jacksonville,16,13,290,-380,17,9,NFCEast,AFCSouth,NFC,AFC,0.462,0.308,10,7,3,6,0.5,0.285714,0.333333,0.333333,6,4,7,9,0.414634,0.389474,82,95,0.438,0.625,N,N,V
220,12/16/2018,15,N,Y,220,Arizona,Atlanta,14,40,350,-450,7,8,NFCWest,NFCSouth,NFC,NFC,0.231,0.308,11,4,2,9,0.272727,0.25,0,0.333333,3,4,10,9,0.36,0.487805,25,82,0.5,0.625,N,N,H
221,12/16/2018,15,Y,Y,221,Seattle,SanFrancisco,23,26,-220,180,13,13,NFCWest,NFCWest,NFC,NFC,0.615,0.231,6,9,7,4,0.333333,0.222222,0.857143,0.25,8,3,5,10,0.592233,0.571942,103,278,0.563,0.375,N,N,H
222,12/16/2018,15,N,Y,222,NewEngland,Pittsburgh,10,17,-140,120,3,7,AFCEast,AFCNorth,AFC,AFC,0.692,0.538,0,3,13,10,0.5,1,0.692308,0.4,9,7,4,6,0.613821,0.629771,246,262,0.813,0.813,N,N,H
223,12/16/2018,15,N,Y,223,Philadelphia,LARams,30,23,600,-900,10,3,NFCEast,NFCWest,NFC,NFC,0.462,0.846,3,0,10,13,0.333333,0.5,0.5,0.846154,6,11,7,2,0.529412,0.592233,102,103,0.813,0.688,N,N,V
224,12/17/2018,15,Y,Y,224,NewOrleans,Carolina,12,9,-270,220,5,8,NFCSouth,NFCSouth,NFC,NFC,0.846,0.462,3,4,10,9,1,0.5,0.8,0.444444,11,6,2,7,0.659341,0.512821,455,195,0.688,0.688,N,N,V
225,12/22/2018,16,N,N,225,Washington,Tennessee,16,25,500,-700,20,11,NFCEast,AFCSouth,NFC,AFC,0.5,0.571,11,9,3,4,0.545455,0.555556,0.333333,0.75,7,8,7,6,0.421687,0.574713,83,87,0.438,0.563,N,N,H
226,12/22/2018,16,N,Y,226,Baltimore,LAChargers,22,10,175,-210,8,5,AFCNorth,AFCWest,AFC,AFC,0.571,0.786,3,4,11,9,0.666667,0.75,0.545455,0.777778,8,11,6,3,0.608871,0.507937,248,63,0.563,0.563,N,N,V
227,12/23/2018,16,N,Y,227,TampaBay,Dallas,20,27,275,-350,5,9,NFCSouth,NFCEast,NFC,NFC,0.357,0.571,10,8,4,6,0.3,0.5,0.5,0.666667,5,8,9,6,0.413043,0.553333,46,150,0.313,0.563,N,N,H
228,12/23/2018,16,Y,Y,228,Buffalo,NewEngland,12,24,700,-1100,11,3,AFCEast,AFCEast,AFC,AFC,0.357,0.643,12,0,2,14,0.333333,0.5,0.5,0.642857,5,9,9,5,0.640777,0.611336,103,247,0.563,0.813,N,N,H
229,12/23/2018,16,Y,Y,229,Atlanta,Carolina,24,10,-145,125,8,12,NFCSouth,NFCSouth,NFC,NFC,0.357,0.429,4,5,10,9,0.25,0.4,0.4,0.444444,5,6,9,8,0.493976,0.510204,83,196,0.625,0.688,N,N,V
230,12/23/2018,16,N,Y,230,Jacksonville,Miami,17,7,150,-180,3,17,AFCSouth,AFCEast,AFC,AFC,0.286,0.5,7,10,7,3,0.285714,0.3,0.285714,1,4,7,10,7,0.385417,0.410256,96,78,0.625,0.375,N,N,V
231,12/23/2018,16,N,N,231,NYGiants,Indianapolis,27,28,400,-550,7,16,NFCEast,AFCSouth,NFC,AFC,0.357,0.571,12,7,2,7,0.25,0.285714,1,0.857143,5,8,9,6,0.301587,0.493671,63,79,0.188,0.25,N,N,H
232,12/23/2018,16,N,N,232,Houston,Philadelphia,30,32,115,-135,16,15,AFCSouth,NFCEast,AFC,NFC,0.714,0.5,3,4,11,10,0.666667,0.5,0.727273,0.5,10,7,4,7,0.520408,0.533981,98,103,0.25,0.813,N,N,H
233,12/23/2018,16,Y,Y,233,Minnesota,Detroit,27,9,-310,250,6,12,NFCNorth,NFCNorth,NFC,NFC,0.5,0.357,6,9,8,5,0.166667,0.222222,0.75,0.6,7,5,7,9,0.559055,0.292683,127,41,0.813,0.563,N,N,V
234,12/23/2018,16,N,N,234,GreenBay,NYJets,44,38,-160,140,11,20,NFCNorth,AFCEast,NFC,AFC,0.385,0.286,7,10,7,3,0,0.2,0.714286,0.333333,5,4,8,10,2.981481,0.41573,54,89,0.438,0.313,N,N,V
235,12/23/2018,16,Y,Y,235,Cincinnati,Cleveland,18,26,330,-430,11,13,AFCNorth,AFCNorth,AFC,AFC,0.429,0.462,8,11,5,1,0.25,0.363636,0.8,1,6,6,8,7,0.515748,0.136364,254,110,0.438,0,N,N,H
236,12/23/2018,16,Y,Y,236,LARams,Arizona,31,9,-900,600,3,12,NFCWest,NFCWest,NFC,NFC,0.786,0.214,0,12,14,2,0.5,0.25,0.785714,0,11,3,3,11,0.586538,0.346154,104,26,0.688,0.5,N,N,V
237,12/23/2018,16,N,Y,237,Chicago,SanFrancisco,14,9,-200,170,4,8,NFCNorth,NFCWest,NFC,NFC,0.714,0.286,3,10,11,4,0.333333,0.3,0.818182,0.25,10,4,4,10,0.507937,0.573477,63,279,0.313,0.375,N,N,V
238,12/23/2018,16,N,N,238,Pittsburgh,NewOrleans,28,31,240,-300,7,6,AFCNorth,NFCSouth,AFC,NFC,0.571,0.857,4,3,10,11,1,1,0.4,0.818182,8,12,6,2,0.631179,0.660088,263,456,0.813,0.688,N,N,H
239,12/23/2018,16,N,N,239,KansasCity,Seattle,31,38,-120,100,8,16,AFCWest,NFCWest,AFC,NFC,0.786,0.571,4,6,10,8,0.5,0.333333,0.9,0.75,11,8,3,6,0.642857,0.586538,392,104,0.625,0.563,N,N,H
240,12/24/2018,16,Y,Y,240,Denver,Oakland,14,27,-140,120,9,10,AFCWest,AFCWest,AFC,AFC,0.429,0.214,6,12,7,2,0.333333,0.166667,0.571429,0.5,6,3,8,11,0.366667,0.511013,30,227,0.313,0.375,N,N,H
241,12/30/2018,17,Y,Y,241,Dallas,NYGiants,36,35,280,-360,7,9,NFCEast,NFCEast,NFC,NFC,0.6,0.333,8,13,7,2,0.5,0.230769,0.714286,1,9,5,6,10,0.556291,0.296875,151,64,0.563,0.188,N,N,V
242,12/30/2018,17,Y,Y,242,Oakland,KansasCity,3,35,700,-1100,13,11,AFCWest,AFCWest,AFC,AFC,0.267,0.733,13,4,2,11,0.230769,0.5,0.5,0.818182,4,11,11,4,0.513158,0.641221,228,393,0.375,0.625,N,N,H
243,12/30/2018,17,Y,Y,243,Carolina,NewOrleans,33,14,300,-400,11,6,NFCSouth,NFCSouth,NFC,NFC,0.4,0.867,6,3,9,12,0.333333,1,0.444444,0.833333,6,13,9,2,0.507614,0.660832,197,457,0.688,0.688,N,N,V
244,12/30/2018,17,Y,Y,244,NYJets,NewEngland,3,38,700,-1100,16,5,AFCEast,AFCEast,AFC,AFC,0.267,0.667,11,0,3,15,0.181818,0.5,0.333333,0.666667,4,10,11,5,0.411111,0.612903,90,248,0.313,0.813,N,N,H
245,12/30/2018,17,Y,Y,245,Philadelphia,Washington,24,0,-265,215,11,14,NFCEast,NFCEast,NFC,NFC,0.533,0.467,4,12,11,3,0.5,0.5,0.545455,0.333333,8,7,7,8,0.538462,0.416667,104,84,0.813,0.438,N,N,V
246,12/30/2018,17,Y,Y,246,Detroit,GreenBay,31,0,300,-400,10,15,NFCNorth,NFCNorth,NFC,NFC,0.333,0.429,10,7,5,8,0.2,0,0.6,0.75,5,6,10,8,0.285714,2.945455,42,55,0.563,0.438,N,N,V
247,12/30/2018,17,Y,Y,247,Jacksonville,Houston,3,20,300,-400,10,18,AFCSouth,AFCSouth,AFC,AFC,0.333,0.667,8,4,7,11,0.375,0.5,0.285714,0.727273,5,10,10,5,0.391753,0.515152,97,99,0.625,0.25,N,N,H
248,12/30/2018,17,Y,Y,248,Cleveland,Baltimore,24,26,260,-330,10,6,AFCNorth,AFCNorth,AFC,AFC,0.5,0.6,11,4,2,11,0.363636,0.75,1,0.545455,7,9,7,6,0.144144,0.610442,111,249,0,0.563,N,N,H
249,12/30/2018,17,Y,Y,249,Atlanta,TampaBay,34,32,-150,130,6,7,NFCSouth,NFCSouth,NFC,NFC,0.4,0.333,4,11,11,4,0.25,0.272727,0.454545,0.5,6,5,9,10,0.5,0.404255,84,47,0.625,0.313,N,N,V
250,12/30/2018,17,Y,Y,250,Miami,Buffalo,17,42,225,-275,14,4,AFCEast,AFCEast,AFC,AFC,0.467,0.333,10,13,4,2,0.3,0.307692,0.75,0.5,7,5,8,10,0.405063,0.634615,79,104,0.375,0.563,N,N,H
251,12/30/2018,17,Y,Y,251,Indianapolis,Tennessee,33,17,-240,190,19,5,AFCSouth,AFCSouth,AFC,AFC,0.6,0.6,7,9,8,5,0.285714,0.555556,0.875,0.8,9,9,6,6,0.5,0.579545,80,88,0.25,0.563,N,N,V
252,12/30/2018,17,Y,Y,252,Cincinnati,Pittsburgh,13,16,500,-700,8,7,AFCNorth,AFCNorth,AFC,AFC,0.4,0.533,9,5,5,10,0.222222,0.8,0.8,0.4,6,8,9,7,0.513725,0.628788,255,264,0.438,0.813,N,N,H
253,12/30/2018,17,Y,Y,253,Chicago,Minnesota,24,10,210,-260,5,10,NFCNorth,NFCNorth,NFC,NFC,0.733,0.533,3,6,12,9,0.333333,0.166667,0.833333,0.777778,11,8,4,7,0.515625,0.5625,64,128,0.313,0.813,N,N,V
254,12/30/2018,17,Y,Y,254,LAChargers,Denver,23,9,-310,250,4,6,AFCWest,AFCWest,AFC,AFC,0.733,0.4,4,6,10,8,0.75,0.333333,0.7,0.5,11,6,4,9,0.5,0.354839,64,31,0.563,0.313,N,N,V
255,12/30/2018,17,Y,Y,255,Arizona,Seattle,24,27,700,-1100,9,13,NFCWest,NFCWest,NFC,NFC,0.2,0.6,13,7,2,8,0.230769,0.428571,0,0.75,3,9,12,6,0.333333,0.590476,27,105,0.5,0.563,N,N,H
256,12/30/2018,17,Y,Y,256,SanFrancisco,LARams,32,48,375,-500,13,5,NFCWest,NFCWest,NFC,NFC,0.267,0.8,11,0,4,15,0.272727,0.5,0.25,0.8,4,12,11,3,0.571429,0.590476,280,105,0.375,0.688,N,N,H
257,1/5/2019,18,Y,Y,257,Indianapolis,Houston,21,7,105,-125,16,13,AFCSouth,AFCSouth,AFC,AFC,0.625,0.688,7,4,9,12,0.285714,0.5,0.888889,0.75,10,11,6,5,0.506173,0.52,81,100,0.25,0.25,N,N,V
258,1/5/2019,18,N,Y,258,Seattle,Dallas,22,24,135,-155,11,8,NFCWest,NFCEast,NFC,NFC,0.625,0.625,7,9,9,7,0.428571,0.555556,0.777778,0.714286,10,10,6,6,0.59434,0.559211,106,152,0.563,0.563,N,N,H
259,1/6/2019,18,N,Y,259,LAChargers,Baltimore,23,17,130,-150,7,5,AFCWest,AFCNorth,AFC,AFC,0.75,0.625,4,4,11,12,0.75,0.75,0.727273,0.583333,12,10,4,6,0.507692,0.612,65,250,0.563,0.563,N,N,V
260,1/6/2019,18,N,Y,260,Philadelphia,Chicago,16,15,240,-300,12,8,NFCEast,NFCNorth,NFC,NFC,0.563,0.75,4,4,12,12,0.5,0.5,0.583333,0.833333,9,12,7,4,0.542857,0.523077,105,65,0.813,0.313,N,N,V
261,1/12/2019,19,N,Y,261,Indianapolis,KansasCity,13,31,175,-210,13,11,AFCSouth,AFCWest,AFC,AFC,0.647,0.75,8,4,9,12,0.375,0.5,0.888889,0.833333,11,12,6,4,0.512195,0.642132,82,394,0.25,0.625,N,N,H
262,1/12/2019,19,N,Y,262,Dallas,LARams,22,30,275,-350,14,4,NFCEast,NFCWest,NFC,NFC,0.647,0.813,9,0,8,16,0.555556,0.5,0.75,0.8125,11,13,6,3,0.562092,0.59434,153,106,0.563,0.688,N,N,H
263,1/13/2019,19,N,Y,263,LAChargers,NewEngland,28,41,165,-185,8,4,AFCWest,AFCEast,AFC,AFC,0.765,0.688,5,0,11,16,0.8,0.5,0.727273,0.6875,13,11,4,5,0.515152,0.614458,66,249,0.563,0.813,N,N,H
264,1/13/2019,19,N,Y,264,Philadelphia,NewOrleans,14,20,350,-450,9,9,NFCEast,NFCSouth,NFC,NFC,0.588,0.813,5,3,12,13,0.6,1,0.583333,0.769231,10,13,7,3,0.54717,0.659389,106,458,0.813,0.688,N,N,H
265,1/20/2019,20,N,Y,265,LARams,NewOrleans,26,23,145,-165,0,5,NFCWest,NFCSouth,NFC,NFC,0.824,0.824,0,3,17,14,0.5,1,0.823529,0.785714,14,14,3,3,0.598131,0.660131,107,459,0.688,0.688,N,N,V
266,1/20/2019,20,N,Y,266,NewEngland,KansasCity,37,31,165,-185,1,10,AFCEast,AFCWest,AFC,AFC,0.706,0.765,0,4,17,13,0.5,0.5,0.705882,0.846154,12,13,5,4,0.616,0.643038,250,395,0.813,0.625,N,N,V
